{"acquisition_function": "general_ucb", "v_confidence_level": 0.9912927092574012, "f_confidence_level": 0.4381924721530971, "f_confidence_level_decay": 0, "reward_coef": 3.2589768405915596, "safety_coef": 67.45290570315392, "safety_constraint_coef": 13.361429338418828, "f_kernel": "matern", "v_kernel": "rbf", "v_length_scale": 10, "default_to_safety": true, "pertubation_step": 0.015224359006979842}